periodo,efectores_activos,provincia_id
2004-12-01,552,0
2005-06-01,1942,0
2005-12-01,9626,0
2006-06-01,17763,0
2006-12-01,27201,0
2007-06-01,38868,0
2007-12-01,52514,0
2008-06-01,62583,0
2008-12-01,75746,0
2009-06-01,87063,0
2009-12-01,126350,0
2010-04-01,292965,0
2010-05-01,307585,0
2010-06-01,317482,0
2010-07-01,325376,0
2010-08-01,334647,0
2010-09-01,347111,0
2010-10-01,3114,02
2010-10-01,235701,06
2010-10-01,2785,10
2010-10-01,7717,14
2010-10-01,7483,18
2010-10-01,5816,22
2010-10-01,976,26
2010-10-01,7534,30
2010-10-01,4895,34
2010-10-01,13236,38
2010-10-01,2170,42
2010-10-01,1440,46
2010-10-01,7092,50
2010-10-01,6290,54
2010-10-01,2199,58
2010-10-01,7870,62
2010-10-01,3202,66
2010-10-01,4402,70
2010-10-01,1594,74
2010-10-01,437,78
2010-10-01,10242,82
2010-10-01,1761,86
2010-10-01,21455,90
2010-10-01,129,94
2010-11-01,3164,02
2010-11-01,237010,06
2010-11-01,2795,10
2010-11-01,7888,14
2010-11-01,7588,18
2010-11-01,5789,22
2010-11-01,1042,26
2010-11-01,7563,30
2010-11-01,4917,34
2010-11-01,13416,38
2010-11-01,2227,42
2010-11-01,1443,46
2010-11-01,7138,50
2010-11-01,6710,54
2010-11-01,2294,58
2010-11-01,7991,62
2010-11-01,3240,66
2010-11-01,4434,70
2010-11-01,1607,74
2010-11-01,440,78
2010-11-01,10453,82
2010-11-01,1762,86
2010-11-01,21456,90
2010-11-01,129,94
2010-12-01,3206,02
2010-12-01,237550,06
2010-12-01,2795,10
2010-12-01,7917,14
2010-12-01,7721,18
2010-12-01,6392,22
2010-12-01,1043,26
2010-12-01,7613,30
2010-12-01,4938,34
2010-12-01,13456,38
2010-12-01,2234,42
2010-12-01,1440,46
2010-12-01,7246,50
2010-12-01,7452,54
2010-12-01,2351,58
2010-12-01,8019,62
2010-12-01,3240,66
2010-12-01,5189,70
2010-12-01,1630,74
2010-12-01,441,78
2010-12-01,10466,82
2010-12-01,1780,86
2010-12-01,21466,90
2010-12-01,129,94
2011-01-01,3708,02
2011-01-01,245534,06
2011-01-01,3032,10
2011-01-01,8455,14
2011-01-01,8273,18
2011-01-01,8874,22
2011-01-01,1254,26
2011-01-01,11345,30
2011-01-01,5250,34
2011-01-01,14029,38
2011-01-01,2497,42
2011-01-01,1542,46
2011-01-01,7980,50
2011-01-01,12580,54
2011-01-01,2496,58
2011-01-01,9265,62
2011-01-01,3629,66
2011-01-01,5484,70
2011-01-01,1660,74
2011-01-01,442,78
2011-01-01,11563,82
2011-01-01,1843,86
2011-01-01,22033,90
2011-01-01,132,94
2011-02-01,3777,02
2011-02-01,247077,06
2011-02-01,3125,10
2011-02-01,8533,14
2011-02-01,8448,18
2011-02-01,9037,22
2011-02-01,1305,26
2011-02-01,11583,30
2011-02-01,5346,34
2011-02-01,14246,38
2011-02-01,2549,42
2011-02-01,1632,46
2011-02-01,8256,50
2011-02-01,16304,54
2011-02-01,2557,58
2011-02-01,9373,62
2011-02-01,3744,66
2011-02-01,5530,70
2011-02-01,1714,74
2011-02-01,446,78
2011-02-01,12015,82
2011-02-01,1930,86
2011-02-01,22103,90
2011-02-01,141,94
2011-03-01,3726,02
2011-03-01,246738,06
2011-03-01,3019,10
2011-03-01,8392,14
2011-03-01,8538,18
2011-03-01,9005,22
2011-03-01,1318,26
2011-03-01,11469,30
2011-03-01,5364,34
2011-03-01,13984,38
2011-03-01,2509,42
2011-03-01,1618,46
2011-03-01,8121,50
2011-03-01,16968,54
2011-03-01,2470,58
2011-03-01,9056,62
2011-03-01,3780,66
2011-03-01,5455,70
2011-03-01,1684,74
2011-03-01,491,78
2011-03-01,11693,82
2011-03-01,2329,86
2011-03-01,21684,90
2011-03-01,134,94
2011-04-01,3915,02
2011-04-01,249485,06
2011-04-01,3107,10
2011-04-01,8713,14
2011-04-01,8719,18
2011-04-01,9256,22
2011-04-01,1360,26
2011-04-01,11652,30
2011-04-01,5862,34
2011-04-01,14170,38
2011-04-01,2597,42
2011-04-01,2050,46
2011-04-01,8469,50
2011-04-01,18272,54
2011-04-01,2484,58
2011-04-01,9176,62
2011-04-01,4661,66
2011-04-01,5484,70
2011-04-01,1705,74
2011-04-01,497,78
2011-04-01,12026,82
2011-04-01,4106,86
2011-04-01,22764,90
2011-04-01,134,94
2011-05-01,4087,02
2011-05-01,252547,06
2011-05-01,3228,10
2011-05-01,8994,14
2011-05-01,9334,18
2011-05-01,9534,22
2011-05-01,1408,26
2011-05-01,11884,30
2011-05-01,6599,34
2011-05-01,14512,38
2011-05-01,2694,42
2011-05-01,3166,46
2011-05-01,8755,50
2011-05-01,19741,54
2011-05-01,2525,58
2011-05-01,9412,62
2011-05-01,4776,66
2011-05-01,6344,70
2011-05-01,1769,74
2011-05-01,503,78
2011-05-01,12588,82
2011-05-01,4303,86
2011-05-01,23379,90
2011-05-01,140,94
2011-06-01,4319,02
2011-06-01,255805,06
2011-06-01,3428,10
2011-06-01,9300,14
2011-06-01,9812,18
2011-06-01,9618,22
2011-06-01,1449,26
2011-06-01,12178,30
2011-06-01,6675,34
2011-06-01,14768,38
2011-06-01,2761,42
2011-06-01,3280,46
2011-06-01,9192,50
2011-06-01,20633,54
2011-06-01,2679,58
2011-06-01,9654,62
2011-06-01,5030,66
2011-06-01,6462,70
2011-06-01,1783,74
2011-06-01,576,78
2011-06-01,13205,82
2011-06-01,4435,86
2011-06-01,23554,90
2011-06-01,140,94
2011-07-01,4512,02
2011-07-01,258328,06
2011-07-01,3509,10
2011-07-01,9413,14
2011-07-01,9899,18
2011-07-01,9650,22
2011-07-01,1482,26
2011-07-01,12216,30
2011-07-01,6750,34
2011-07-01,14901,38
2011-07-01,2761,42
2011-07-01,3282,46
2011-07-01,9364,50
2011-07-01,20851,54
2011-07-01,2679,58
2011-07-01,9779,62
2011-07-01,5039,66
2011-07-01,6477,70
2011-07-01,1808,74
2011-07-01,585,78
2011-07-01,13424,82
2011-07-01,4445,86
2011-07-01,23621,90
2011-07-01,140,94
2011-08-01,4685,02
2011-08-01,261219,06
2011-08-01,3573,10
2011-08-01,9497,14
2011-08-01,9938,18
2011-08-01,9644,22
2011-08-01,1503,26
2011-08-01,12322,30
2011-08-01,6774,34
2011-08-01,15010,38
2011-08-01,2791,42
2011-08-01,3302,46
2011-08-01,9483,50
2011-08-01,20995,54
2011-08-01,2677,58
2011-08-01,9908,62
2011-08-01,5069,66
2011-08-01,6475,70
2011-08-01,1817,74
2011-08-01,582,78
2011-08-01,13638,82
2011-08-01,4461,86
2011-08-01,23725,90
2011-08-01,141,94
2011-09-01,5417,02
2011-09-01,268344,06
2011-09-01,3742,10
2011-09-01,10208,14
2011-09-01,10842,18
2011-09-01,11247,22
2011-09-01,1700,26
2011-09-01,13019,30
2011-09-01,7454,34
2011-09-01,15778,38
2011-09-01,3132,42
2011-09-01,3495,46
2011-09-01,10147,50
2011-09-01,22269,54
2011-09-01,2899,58
2011-09-01,11357,62
2011-09-01,5415,66
2011-09-01,6643,70
2011-09-01,1936,74
2011-09-01,646,78
2011-09-01,14832,82
2011-09-01,4544,86
2011-09-01,23980,90
2011-09-01,153,94
2011-10-01,5573,02
2011-10-01,270205,06
2011-10-01,3888,10
2011-10-01,10318,14
2011-10-01,11370,18
2011-10-01,11407,22
2011-10-01,1747,26
2011-10-01,13232,30
2011-10-01,7529,34
2011-10-01,16280,38
2011-10-01,3143,42
2011-10-01,3561,46
2011-10-01,10505,50
2011-10-01,22455,54
2011-10-01,2970,58
2011-10-01,11665,62
2011-10-01,5522,66
2011-10-01,6680,70
2011-10-01,1978,74
2011-10-01,656,78
2011-10-01,15343,82
2011-10-01,4582,86
2011-10-01,23975,90
2011-10-01,156,94
2011-11-01,5944,02
2011-11-01,276091,06
2011-11-01,4052,10
2011-11-01,10923,14
2011-11-01,12027,18
2011-11-01,11731,22
2011-11-01,1809,26
2011-11-01,13662,30
2011-11-01,7637,34
2011-11-01,16604,38
2011-11-01,3343,42
2011-11-01,3623,46
2011-11-01,10984,50
2011-11-01,23010,54
2011-11-01,3167,58
2011-11-01,12159,62
2011-11-01,5661,66
2011-11-01,6841,70
2011-11-01,2013,74
2011-11-01,675,78
2011-11-01,16295,82
2011-11-01,4595,86
2011-11-01,24226,90
2011-11-01,208,94
2011-12-01,6080,02
2011-12-01,277742,06
2011-12-01,4053,10
2011-12-01,11009,14
2011-12-01,12198,18
2011-12-01,11983,22
2011-12-01,1823,26
2011-12-01,13860,30
2011-12-01,7784,34
2011-12-01,16692,38
2011-12-01,3335,42
2011-12-01,3682,46
2011-12-01,11115,50
2011-12-01,23134,54
2011-12-01,3341,58
2011-12-01,12294,62
2011-12-01,5721,66
2011-12-01,6874,70
2011-12-01,2044,74
2011-12-01,680,78
2011-12-01,16515,82
2011-12-01,4665,86
2011-12-01,24227,90
2011-12-01,209,94
2012-01-01,6080,02
2012-01-01,277742,06
2012-01-01,4053,10
2012-01-01,11009,14
2012-01-01,12198,18
2012-01-01,11983,22
2012-01-01,1823,26
2012-01-01,13860,30
2012-01-01,7784,34
2012-01-01,16692,38
2012-01-01,3335,42
2012-01-01,3682,46
2012-01-01,11115,50
2012-01-01,23134,54
2012-01-01,3341,58
2012-01-01,12294,62
2012-01-01,5721,66
2012-01-01,6874,70
2012-01-01,2044,74
2012-01-01,680,78
2012-01-01,16515,82
2012-01-01,4665,86
2012-01-01,24227,90
2012-01-01,209,94
2012-02-01,7418,02
2012-02-01,280247,06
2012-02-01,4307,10
2012-02-01,11355,14
2012-02-01,12735,18
2012-02-01,12228,22
2012-02-01,1912,26
2012-02-01,14201,30
2012-02-01,8129,34
2012-02-01,17053,38
2012-02-01,3544,42
2012-02-01,3784,46
2012-02-01,11710,50
2012-02-01,23649,54
2012-02-01,3391,58
2012-02-01,12740,62
2012-02-01,5869,66
2012-02-01,6938,70
2012-02-01,2101,74
2012-02-01,669,78
2012-02-01,17206,82
2012-02-01,4739,86
2012-02-01,24402,90
2012-02-01,209,94
2012-03-01,7763,02
2012-03-01,282694,06
2012-03-01,5845,10
2012-03-01,11557,14
2012-03-01,13117,18
2012-03-01,12811,22
2012-03-01,1945,26
2012-03-01,14465,30
2012-03-01,8169,34
2012-03-01,17415,38
2012-03-01,3679,42
2012-03-01,3877,46
2012-03-01,12023,50
2012-03-01,24774,54
2012-03-01,3468,58
2012-03-01,13055,62
2012-03-01,5911,66
2012-03-01,6998,70
2012-03-01,2119,74
2012-03-01,639,78
2012-03-01,17945,82
2012-03-01,4818,86
2012-03-01,24553,90
2012-03-01,209,94
2012-04-01,7995,02
2012-04-01,285042,06
2012-04-01,6175,10
2012-04-01,11893,14
2012-04-01,13257,18
2012-04-01,13163,22
2012-04-01,1985,26
2012-04-01,14556,30
2012-04-01,8437,34
2012-04-01,17598,38
2012-04-01,3721,42
2012-04-01,3963,46
2012-04-01,12196,50
2012-04-01,25103,54
2012-04-01,3541,58
2012-04-01,13529,62
2012-04-01,5991,66
2012-04-01,7100,70
2012-04-01,2129,74
2012-04-01,647,78
2012-04-01,18362,82
2012-04-01,4819,86
2012-04-01,24613,90
2012-04-01,214,94
2012-05-01,8204,02
2012-05-01,288052,06
2012-05-01,6221,10
2012-05-01,12216,14
2012-05-01,13499,18
2012-05-01,13271,22
2012-05-01,2167,26
2012-05-01,14984,30
2012-05-01,8653,34
2012-05-01,17808,38
2012-05-01,3757,42
2012-05-01,4051,46
2012-05-01,12401,50
2012-05-01,25880,54
2012-05-01,3618,58
2012-05-01,13958,62
2012-05-01,6101,66
2012-05-01,7183,70
2012-05-01,2201,74
2012-05-01,654,78
2012-05-01,19095,82
2012-05-01,4832,86
2012-05-01,24784,90
2012-05-01,215,94
2012-06-01,8366,02
2012-06-01,293751,06
2012-06-01,6344,10
2012-06-01,12457,14
2012-06-01,13766,18
2012-06-01,13533,22
2012-06-01,2209,26
2012-06-01,15280,30
2012-06-01,8824,34
2012-06-01,18160,38
2012-06-01,3831,42
2012-06-01,4131,46
2012-06-01,12646,50
2012-06-01,26392,54
2012-06-01,3689,58
2012-06-01,14234,62
2012-06-01,6221,66
2012-06-01,7325,70
2012-06-01,2244,74
2012-06-01,666,78
2012-06-01,19472,82
2012-06-01,4927,86
2012-06-01,25274,90
2012-06-01,219,94
2012-07-01,8662,02
2012-07-01,292783,06
2012-07-01,6395,10
2012-07-01,12816,14
2012-07-01,14175,18
2012-07-01,13596,22
2012-07-01,2216,26
2012-07-01,15473,30
2012-07-01,8960,34
2012-07-01,18217,38
2012-07-01,4168,42
2012-07-01,4124,46
2012-07-01,13196,50
2012-07-01,27120,54
2012-07-01,3855,58
2012-07-01,14280,62
2012-07-01,6508,66
2012-07-01,7283,70
2012-07-01,2579,74
2012-07-01,677,78
2012-07-01,20050,82
2012-07-01,4871,86
2012-07-01,24806,90
2012-07-01,222,94
2012-08-01,8975,02
2012-08-01,295809,06
2012-08-01,6702,10
2012-08-01,13348,14
2012-08-01,14906,18
2012-08-01,14029,22
2012-08-01,2295,26
2012-08-01,15742,30
2012-08-01,9222,34
2012-08-01,18486,38
2012-08-01,4325,42
2012-08-01,4270,46
2012-08-01,13866,50
2012-08-01,27882,54
2012-08-01,4001,58
2012-08-01,14794,62
2012-08-01,6625,66
2012-08-01,7385,70
2012-08-01,2692,74
2012-08-01,681,78
2012-08-01,20896,82
2012-08-01,4922,86
2012-08-01,25503,90
2012-08-01,227,94
2012-09-01,9084,02
2012-09-01,297365,06
2012-09-01,6748,10
2012-09-01,13769,14
2012-09-01,15138,18
2012-09-01,14378,22
2012-09-01,2348,26
2012-09-01,16152,30
2012-09-01,9405,34
2012-09-01,18556,38
2012-09-01,4485,42
2012-09-01,4329,46
2012-09-01,14147,50
2012-09-01,28162,54
2012-09-01,4095,58
2012-09-01,15150,62
2012-09-01,6836,66
2012-09-01,7440,70
2012-09-01,2770,74
2012-09-01,689,78
2012-09-01,21558,82
2012-09-01,4927,86
2012-09-01,25556,90
2012-09-01,242,94
2012-10-01,9298,02
2012-10-01,300152,06
2012-10-01,6791,10
2012-10-01,14268,14
2012-10-01,15562,18
2012-10-01,14474,22
2012-10-01,2415,26
2012-10-01,16436,30
2012-10-01,9527,34
2012-10-01,18820,38
2012-10-01,4571,42
2012-10-01,4391,46
2012-10-01,14470,50
2012-10-01,28429,54
2012-10-01,4257,58
2012-10-01,15554,62
2012-10-01,6910,66
2012-10-01,7496,70
2012-10-01,2955,74
2012-10-01,700,78
2012-10-01,22173,82
2012-10-01,4948,86
2012-10-01,25701,90
2012-10-01,247,94
2012-11-01,9474,02
2012-11-01,302090,06
2012-11-01,6953,10
2012-11-01,14603,14
2012-11-01,15946,18
2012-11-01,14683,22
2012-11-01,2490,26
2012-11-01,16687,30
2012-11-01,9672,34
2012-11-01,19020,38
2012-11-01,4719,42
2012-11-01,4498,46
2012-11-01,14977,50
2012-11-01,29269,54
2012-11-01,4497,58
2012-11-01,16050,62
2012-11-01,7064,66
2012-11-01,7544,70
2012-11-01,3092,74
2012-11-01,709,78
2012-11-01,22833,82
2012-11-01,4988,86
2012-11-01,26144,90
2012-11-01,256,94
2012-12-01,9600,02
2012-12-01,303858,06
2012-12-01,7028,10
2012-12-01,15164,14
2012-12-01,16175,18
2012-12-01,14815,22
2012-12-01,2630,26
2012-12-01,16897,30
2012-12-01,9870,34
2012-12-01,19285,38
2012-12-01,4803,42
2012-12-01,4527,46
2012-12-01,15337,50
2012-12-01,29795,54
2012-12-01,4693,58
2012-12-01,16454,62
2012-12-01,7126,66
2012-12-01,7647,70
2012-12-01,3188,74
2012-12-01,720,78
2012-12-01,23513,82
2012-12-01,4989,86
2012-12-01,26196,90
2012-12-01,261,94
2013-01-01,9711,02
2013-01-01,305930,06
2013-01-01,7168,10
2013-01-01,15681,14
2013-01-01,16567,18
2013-01-01,14984,22
2013-01-01,2666,26
2013-01-01,17324,30
2013-01-01,10154,34
2013-01-01,19415,38
2013-01-01,4913,42
2013-01-01,4596,46
2013-01-01,15637,50
2013-01-01,30047,54
2013-01-01,5017,58
2013-01-01,16731,62
2013-01-01,7251,66
2013-01-01,7773,70
2013-01-01,3283,74
2013-01-01,727,78
2013-01-01,24100,82
2013-01-01,5039,86
2013-01-01,26354,90
2013-01-01,266,94
2013-02-01,9835,02
2013-02-01,306851,06
2013-02-01,7263,10
2013-02-01,15954,14
2013-02-01,17044,18
2013-02-01,14970,22
2013-02-01,2698,26
2013-02-01,17546,30
2013-02-01,10172,34
2013-02-01,19611,38
2013-02-01,5004,42
2013-02-01,4610,46
2013-02-01,16171,50
2013-02-01,30838,54
2013-02-01,5122,58
2013-02-01,16996,62
2013-02-01,7290,66
2013-02-01,7840,70
2013-02-01,3307,74
2013-02-01,733,78
2013-02-01,24614,82
2013-02-01,5042,86
2013-02-01,26561,90
2013-02-01,265,94
2013-03-01,9856,02
2013-03-01,308428,06
2013-03-01,7364,10
2013-03-01,16352,14
2013-03-01,17101,18
2013-03-01,15109,22
2013-03-01,2745,26
2013-03-01,17671,30
2013-03-01,10312,34
2013-03-01,19706,38
2013-03-01,5000,42
2013-03-01,4602,46
2013-03-01,16460,50
2013-03-01,30829,54
2013-03-01,5210,58
2013-03-01,17280,62
2013-03-01,7350,66
2013-03-01,7832,70
2013-03-01,3546,74
2013-03-01,738,78
2013-03-01,25231,82
2013-03-01,5037,86
2013-03-01,26568,90
2013-03-01,266,94
2013-04-01,9901,02
2013-04-01,309383,06
2013-04-01,7349,10
2013-04-01,16555,14
2013-04-01,17104,18
2013-04-01,15162,22
2013-04-01,2756,26
2013-04-01,17872,30
2013-04-01,10303,34
2013-04-01,19667,38
2013-04-01,5190,42
2013-04-01,4641,46
2013-04-01,16493,50
2013-04-01,30731,54
2013-04-01,5286,58
2013-04-01,17594,62
2013-04-01,7387,66
2013-04-01,7905,70
2013-04-01,3697,74
2013-04-01,737,78
2013-04-01,25452,82
2013-04-01,5041,86
2013-04-01,26517,90
2013-04-01,264,94
2013-05-01,9951,02
2013-05-01,310877,06
2013-05-01,7393,10
2013-05-01,16578,14
2013-05-01,17100,18
2013-05-01,16023,22
2013-05-01,2762,26
2013-05-01,17877,30
2013-05-01,10305,34
2013-05-01,19704,38
2013-05-01,5190,42
2013-05-01,4660,46
2013-05-01,17233,50
2013-05-01,30815,54
2013-05-01,5279,58
2013-05-01,17589,62
2013-05-01,7423,66
2013-05-01,7934,70
2013-05-01,3717,74
2013-05-01,761,78
2013-05-01,25466,82
2013-05-01,5041,86
2013-05-01,26479,90
2013-05-01,263,94
2013-06-01,10833,02
2013-06-01,355209,06
2013-06-01,7561,10
2013-06-01,17474,14
2013-06-01,18193,18
2013-06-01,15395,22
2013-06-01,2872,26
2013-06-01,18713,30
2013-06-01,10787,34
2013-06-01,19951,38
2013-06-01,5474,42
2013-06-01,4726,46
2013-06-01,17598,50
2013-06-01,32211,54
2013-06-01,5803,58
2013-06-01,18395,62
2013-06-01,7530,66
2013-06-01,8135,70
2013-06-01,3921,74
2013-06-01,773,78
2013-06-01,26626,82
2013-06-01,5192,86
2013-06-01,26653,90
2013-06-01,271,94
2013-07-01,11329,02
2013-07-01,369115,06
2013-07-01,7594,10
2013-07-01,18668,14
2013-07-01,21564,18
2013-07-01,18255,22
2013-07-01,3024,26
2013-07-01,20861,30
2013-07-01,11204,34
2013-07-01,20313,38
2013-07-01,5776,42
2013-07-01,4900,46
2013-07-01,18291,50
2013-07-01,33216,54
2013-07-01,6060,58
2013-07-01,19119,62
2013-07-01,7716,66
2013-07-01,8332,70
2013-07-01,4030,74
2013-07-01,792,78
2013-07-01,27974,82
2013-07-01,5194,86
2013-07-01,26737,90
2013-07-01,286,94
2013-08-01,11480,02
2013-08-01,368758,06
2013-08-01,8644,10
2013-08-01,19596,14
2013-08-01,21977,18
2013-08-01,18396,22
2013-08-01,3096,26
2013-08-01,21200,30
2013-08-01,12639,34
2013-08-01,20310,38
2013-08-01,5980,42
2013-08-01,6137,46
2013-08-01,22076,50
2013-08-01,33526,54
2013-08-01,6114,58
2013-08-01,19259,62
2013-08-01,7807,66
2013-08-01,8296,70
2013-08-01,4915,74
2013-08-01,817,78
2013-08-01,28635,82
2013-08-01,8101,86
2013-08-01,40532,90
2013-08-01,282,94
2013-09-01,11591,02
2013-09-01,346114,06
2013-09-01,8539,10
2013-09-01,20137,14
2013-09-01,22331,18
2013-09-01,18075,22
2013-09-01,3074,26
2013-09-01,20322,30
2013-09-01,12396,34
2013-09-01,20372,38
2013-09-01,6058,42
2013-09-01,5874,46
2013-09-01,20158,50
2013-09-01,35915,54
2013-09-01,6176,58
2013-09-01,19410,62
2013-09-01,11967,66
2013-09-01,9796,70
2013-09-01,5022,74
2013-09-01,802,78
2013-09-01,28999,82
2013-09-01,7764,86
2013-09-01,37270,90
2013-09-01,283,94
2013-10-01,10265,02
2013-10-01,312385,06
2013-10-01,7604,10
2013-10-01,17616,14
2013-10-01,20228,18
2013-10-01,16820,22
2013-10-01,2760,26
2013-10-01,19231,30
2013-10-01,11037,34
2013-10-01,16914,38
2013-10-01,5231,42
2013-10-01,5396,46
2013-10-01,18349,50
2013-10-01,33612,54
2013-10-01,5228,58
2013-10-01,16493,62
2013-10-01,11041,66
2013-10-01,9100,70
2013-10-01,4544,74
2013-10-01,617,78
2013-10-01,25385,82
2013-10-01,7321,86
2013-10-01,36529,90
2013-10-01,253,94
2013-11-01,10476,02
2013-11-01,317240,06
2013-11-01,7719,10
2013-11-01,18605,14
2013-11-01,20990,18
2013-11-01,17219,22
2013-11-01,2877,26
2013-11-01,19802,30
2013-11-01,11310,34
2013-11-01,17123,38
2013-11-01,5440,42
2013-11-01,5546,46
2013-11-01,19234,50
2013-11-01,34678,54
2013-11-01,5482,58
2013-11-01,17060,62
2013-11-01,11397,66
2013-11-01,9288,70
2013-11-01,4617,74
2013-11-01,651,78
2013-11-01,26661,82
2013-11-01,7383,86
2013-11-01,36626,90
2013-11-01,260,94
2013-12-01,10565,02
2013-12-01,318241,06
2013-12-01,7720,10
2013-12-01,18855,14
2013-12-01,21171,18
2013-12-01,17283,22
2013-12-01,2872,26
2013-12-01,19987,30
2013-12-01,11290,34
2013-12-01,17132,38
2013-12-01,5442,42
2013-12-01,5545,46
2013-12-01,19293,50
2013-12-01,34784,54
2013-12-01,5515,58
2013-12-01,17109,62
2013-12-01,11457,66
2013-12-01,9339,70
2013-12-01,4620,74
2013-12-01,657,78
2013-12-01,26834,82
2013-12-01,7382,86
2013-12-01,36650,90
2013-12-01,263,94
2014-01-01,10712,02
2014-01-01,320882,06
2014-01-01,7791,10
2014-01-01,19466,14
2014-01-01,21348,18
2014-01-01,17543,22
2014-01-01,2968,26
2014-01-01,20337,30
2014-01-01,11427,34
2014-01-01,17344,38
2014-01-01,5593,42
2014-01-01,5563,46
2014-01-01,19808,50
2014-01-01,34951,54
2014-01-01,5727,58
2014-01-01,17349,62
2014-01-01,11519,66
2014-01-01,9391,70
2014-01-01,4667,74
2014-01-01,665,78
2014-01-01,27516,82
2014-01-01,7386,86
2014-01-01,36560,90
2014-01-01,264,94
2014-02-01,10897,02
2014-02-01,322535,06
2014-02-01,7839,10
2014-02-01,19997,14
2014-02-01,21759,18
2014-02-01,17770,22
2014-02-01,3015,26
2014-02-01,20642,30
2014-02-01,11580,34
2014-02-01,17328,38
2014-02-01,5831,42
2014-02-01,5609,46
2014-02-01,20069,50
2014-02-01,35959,54
2014-02-01,5818,58
2014-02-01,17573,62
2014-02-01,11871,66
2014-02-01,9401,70
2014-02-01,4697,74
2014-02-01,667,78
2014-02-01,28161,82
2014-02-01,7629,86
2014-02-01,36605,90
2014-02-01,426,94
2014-03-01,11276,02
2014-03-01,326923,06
2014-03-01,7892,10
2014-03-01,20833,14
2014-03-01,22168,18
2014-03-01,18107,22
2014-03-01,3052,26
2014-03-01,21048,30
2014-03-01,11817,34
2014-03-01,17506,38
2014-03-01,6014,42
2014-03-01,5587,46
2014-03-01,20631,50
2014-03-01,36385,54
2014-03-01,6085,58
2014-03-01,18022,62
2014-03-01,12044,66
2014-03-01,9464,70
2014-03-01,4775,74
2014-03-01,675,78
2014-03-01,28973,82
2014-03-01,7699,86
2014-03-01,36679,90
2014-03-01,436,94
2014-04-01,11360,02
2014-04-01,327391,06
2014-04-01,7916,10
2014-04-01,20880,14
2014-04-01,22150,18
2014-04-01,18156,22
2014-04-01,3056,26
2014-04-01,21063,30
2014-04-01,11816,34
2014-04-01,17447,38
2014-04-01,6013,42
2014-04-01,5585,46
2014-04-01,20745,50
2014-04-01,36401,54
2014-04-01,6166,58
2014-04-01,18093,62
2014-04-01,12049,66
2014-04-01,9492,70
2014-04-01,4771,74
2014-04-01,656,78
2014-04-01,29042,82
2014-04-01,7697,86
2014-04-01,36774,90
2014-04-01,274,94
2014-05-01,11679,02
2014-05-01,331195,06
2014-05-01,7978,10
2014-05-01,21399,14
2014-05-01,22361,18
2014-05-01,18532,22
2014-05-01,3151,26
2014-05-01,21204,30
2014-05-01,12001,34
2014-05-01,17705,38
2014-05-01,6197,42
2014-05-01,5667,46
2014-05-01,21067,50
2014-05-01,37230,54
2014-05-01,6283,58
2014-05-01,18360,62
2014-05-01,12285,66
2014-05-01,9535,70
2014-05-01,4808,74
2014-05-01,687,78
2014-05-01,29706,82
2014-05-01,7785,86
2014-05-01,36872,90
2014-05-01,446,94
2014-06-01,11766,02
2014-06-01,324244,06
2014-06-01,7964,10
2014-06-01,21563,14
2014-06-01,22348,18
2014-06-01,18666,22
2014-06-01,3146,26
2014-06-01,21182,30
2014-06-01,11870,34
2014-06-01,17618,38
2014-06-01,6294,42
2014-06-01,5637,46
2014-06-01,21019,50
2014-06-01,37185,54
2014-06-01,6353,58
2014-06-01,18395,62
2014-06-01,12362,66
2014-06-01,9557,70
2014-06-01,4726,74
2014-06-01,694,78
2014-06-01,29864,82
2014-06-01,7752,86
2014-06-01,36823,90
2014-06-01,278,94
2014-07-01,11766,02
2014-07-01,324244,06
2014-07-01,7964,10
2014-07-01,21563,14
2014-07-01,22348,18
2014-07-01,18666,22
2014-07-01,3146,26
2014-07-01,21182,30
2014-07-01,11870,34
2014-07-01,17618,38
2014-07-01,6294,42
2014-07-01,5637,46
2014-07-01,21019,50
2014-07-01,37185,54
2014-07-01,6353,58
2014-07-01,18395,62
2014-07-01,12362,66
2014-07-01,9557,70
2014-07-01,4726,74
2014-07-01,694,78
2014-07-01,29864,82
2014-07-01,7752,86
2014-07-01,36823,90
2014-07-01,278,94
2014-08-01,13213,02
2014-08-01,322187,06
2014-08-01,8494,10
2014-08-01,23515,14
2014-08-01,23485,18
2014-08-01,18310,22
2014-08-01,4563,26
2014-08-01,22172,30
2014-08-01,13067,34
2014-08-01,17705,38
2014-08-01,7663,42
2014-08-01,5894,46
2014-08-01,22164,50
2014-08-01,39051,54
2014-08-01,7096,58
2014-08-01,19238,62
2014-08-01,13148,66
2014-08-01,9881,70
2014-08-01,5014,74
2014-08-01,919,78
2014-08-01,32216,82
2014-08-01,8044,86
2014-08-01,35205,90
2014-08-01,311,94
2014-09-01,13470,02
2014-09-01,328223,06
2014-09-01,8458,10
2014-09-01,23867,14
2014-09-01,23705,18
2014-09-01,18567,22
2014-09-01,4653,26
2014-09-01,22378,30
2014-09-01,13296,34
2014-09-01,17900,38
2014-09-01,7806,42
2014-09-01,5297,46
2014-09-01,23342,50
2014-09-01,38654,54
2014-09-01,8225,58
2014-09-01,19503,62
2014-09-01,11629,66
2014-09-01,10982,70
2014-09-01,5488,74
2014-09-01,1375,78
2014-09-01,32906,82
2014-09-01,7491,86
2014-09-01,28894,90
2014-09-01,537,94
2014-10-01,13585,02
2014-10-01,329087,06
2014-10-01,8550,10
2014-10-01,24071,14
2014-10-01,23963,18
2014-10-01,18637,22
2014-10-01,4709,26
2014-10-01,22444,30
2014-10-01,13558,34
2014-10-01,18355,38
2014-10-01,7934,42
2014-10-01,5335,46
2014-10-01,23483,50
2014-10-01,38834,54
2014-10-01,8287,58
2014-10-01,19645,62
2014-10-01,11507,66
2014-10-01,11228,70
2014-10-01,5552,74
2014-10-01,1371,78
2014-10-01,33318,82
2014-10-01,7657,86
2014-10-01,28890,90
2014-10-01,307,94
2014-11-01,13853,02
2014-11-01,335598,06
2014-11-01,8090,10
2014-11-01,8719,14
2014-11-01,22888,18
2014-11-01,24437,22
2014-11-01,11734,26
2014-11-01,19005,30
2014-11-01,13826,34
2014-11-01,5440,38
2014-11-01,4802,42
2014-11-01,29461,46
2014-11-01,33977,50
2014-11-01,18718,54
2014-11-01,1398,58
2014-11-01,11450,62
2014-11-01,23947,66
2014-11-01,7808,70
2014-11-01,313,74
2014-11-01,20033,78
2014-11-01,24547,82
2014-11-01,39602,86
2014-11-01,8450,90
2014-11-01,5661,94
2014-12-01,14127,02
2014-12-01,342238,06
2014-12-01,8250,10
2014-12-01,8891,14
2014-12-01,23340,18
2014-12-01,24920,22
2014-12-01,11966,26
2014-12-01,19381,30
2014-12-01,14099,34
2014-12-01,5547,38
2014-12-01,4897,42
2014-12-01,29461,46
2014-12-01,34649,50
2014-12-01,19088,54
2014-12-01,1425,58
2014-12-01,11676,62
2014-12-01,24420,66
2014-12-01,7962,70
2014-12-01,319,74
2014-12-01,20429,78
2014-12-01,25032,82
2014-12-01,40385,86
2014-12-01,8617,90
2014-12-01,5773,94
2015-01-01,14406,02
2015-01-01,349010,06
2015-01-01,8413,10
2015-01-01,9066,14
2015-01-01,23801,18
2015-01-01,25413,22
2015-01-01,12202,26
2015-01-01,19764,30
2015-01-01,14377,34
2015-01-01,5656,38
2015-01-01,4993,42
2015-01-01,30637,46
2015-01-01,35334,50
2015-01-01,19465,54
2015-01-01,1453,58
2015-01-01,11907,62
2015-01-01,24903,66
2015-01-01,8119,70
2015-01-01,325,74
2015-01-01,20833,78
2015-01-01,25527,82
2015-01-01,41184,86
2015-01-01,8787,90
2015-01-01,5887,94
2015-02-01,14691,02
2015-02-01,355916,06
2015-02-01,8579,10
2015-02-01,9245,14
2015-02-01,24271,18
2015-02-01,25915,22
2015-02-01,12443,26
2015-02-01,20155,30
2015-02-01,14661,34
2015-02-01,5767,38
2015-02-01,5091,42
2015-02-01,31243,46
2015-02-01,36033,50
2015-02-01,19850,54
2015-02-01,1481,58
2015-02-01,12142,62
2015-02-01,25395,66
2015-02-01,8279,70
2015-02-01,331,74
2015-02-01,21245,78
2015-02-01,26032,82
2015-02-01,41998,86
2015-02-01,8960,90
2015-02-01,6003,94
2015-03-01,14337,02
2015-03-01,335978,06
2015-03-01,8736,10
2015-03-01,25240,14
2015-03-01,25063,18
2015-03-01,19353,22
2015-03-01,4867,26
2015-03-01,23128,30
2015-03-01,14240,34
2015-03-01,19057,38
2015-03-01,8037,42
2015-03-01,5606,46
2015-03-01,24328,50
2015-03-01,40615,54
2015-03-01,8473,58
2015-03-01,20246,62
2015-03-01,12112,66
2015-03-01,11364,70
2015-03-01,5522,74
2015-03-01,1410,78
2015-03-01,35015,82
2015-03-01,7813,86
2015-03-01,29259,90
2015-03-01,379,94
2015-04-01,10692,02
2015-04-01,250565,06
2015-04-01,6515,10
2015-04-01,18823,14
2015-04-01,18691,18
2015-04-01,14433,22
2015-04-01,3629,26
2015-04-01,17248,30
2015-04-01,10619,34
2015-04-01,14212,38
2015-04-01,5993,42
2015-04-01,4180,46
2015-04-01,18143,50
2015-04-01,30289,54
2015-04-01,6318,58
2015-04-01,15099,62
2015-04-01,9032,66
2015-04-01,8475,70
2015-04-01,4118,74
2015-04-01,1051,78
2015-04-01,26113,82
2015-04-01,5826,86
2015-04-01,21820,90
2015-04-01,282,94
2015-05-01,10903,02
2015-05-01,255523,06
2015-05-01,6643,10
2015-05-01,19195,14
2015-05-01,19060,18
2015-05-01,14718,22
2015-05-01,3700,26
2015-05-01,17589,30
2015-05-01,10829,34
2015-05-01,14493,38
2015-05-01,6111,42
2015-05-01,4262,46
2015-05-01,18502,50
2015-05-01,30888,54
2015-05-01,6443,58
2015-05-01,15397,62
2015-05-01,9210,66
2015-05-01,8642,70
2015-05-01,4199,74
2015-05-01,1071,78
2015-05-01,26629,82
2015-05-01,5941,86
2015-05-01,22251,90
2015-05-01,287,94
2015-06-01,10688,02
2015-06-01,268307,06
2015-06-01,6541,10
2015-06-01,17922,14
2015-06-01,18811,18
2015-06-01,15336,22
2015-06-01,2312,26
2015-06-01,18103,30
2015-06-01,10526,34
2015-06-01,10764,38
2015-06-01,5238,42
2015-06-01,4987,46
2015-06-01,17108,50
2015-06-01,34100,54
2015-06-01,5049,58
2015-06-01,14407,62
2015-06-01,11392,66
2015-06-01,7135,70
2015-06-01,3378,74
2015-06-01,572,78
2015-06-01,24016,82
2015-06-01,7036,86
2015-06-01,32770,90
2015-06-01,330,94
2015-07-01,9367,02
2015-07-01,219532,06
2015-07-01,5707,10
2015-07-01,16491,14
2015-07-01,16375,18
2015-07-01,12644,22
2015-07-01,3178,26
2015-07-01,15111,30
2015-07-01,9303,34
2015-07-01,12451,38
2015-07-01,5250,42
2015-07-01,3661,46
2015-07-01,15896,50
2015-07-01,26537,54
2015-07-01,5535,58
2015-07-01,13228,62
2015-07-01,7912,66
2015-07-01,7424,70
2015-07-01,3607,74
2015-07-01,920,78
2015-07-01,22878,82
2015-07-01,5104,86
2015-07-01,19116,90
2015-07-01,246,94
2015-08-01,8794,02
2015-08-01,220683,06
2015-08-01,5694,10
2015-08-01,14396,14
2015-08-01,16159,18
2015-08-01,13198,22
2015-08-01,2027,26
2015-08-01,15312,30
2015-08-01,9093,34
2015-08-01,8754,38
2015-08-01,4471,42
2015-08-01,4284,46
2015-08-01,14140,50
2015-08-01,30331,54
2015-08-01,4112,58
2015-08-01,11655,62
2015-08-01,10274,66
2015-08-01,5982,70
2015-08-01,2853,74
2015-08-01,543,78
2015-08-01,20531,82
2015-08-01,6532,86
2015-08-01,30719,90
2015-08-01,293,94
2015-09-01,9207,02
2015-09-01,223926,06
2015-09-01,5748,10
2015-09-01,14839,14
2015-09-01,16318,18
2015-09-01,13229,22
2015-09-01,2128,26
2015-09-01,15678,30
2015-09-01,9336,34
2015-09-01,8816,38
2015-09-01,4588,42
2015-09-01,4287,46
2015-09-01,14513,50
2015-09-01,30706,54
2015-09-01,4065,58
2015-09-01,11941,62
2015-09-01,10291,66
2015-09-01,6050,70
2015-09-01,3026,74
2015-09-01,551,78
2015-09-01,21450,82
2015-09-01,6547,86
2015-09-01,30839,90
2015-09-01,323,94
2015-10-01,9207,02
2015-10-01,223926,06
2015-10-01,5748,10
2015-10-01,14839,14
2015-10-01,16318,18
2015-10-01,13229,22
2015-10-01,2128,26
2015-10-01,15678,30
2015-10-01,9336,34
2015-10-01,8816,38
2015-10-01,4588,42
2015-10-01,4287,46
2015-10-01,14513,50
2015-10-01,30706,54
2015-10-01,4065,58
2015-10-01,11941,62
2015-10-01,10291,66
2015-10-01,6050,70
2015-10-01,3026,74
2015-10-01,551,78
2015-10-01,21450,82
2015-10-01,6547,86
2015-10-01,30839,90
2015-10-01,323,94
2015-11-01,9207,02
2015-11-01,223926,06
2015-11-01,5748,10
2015-11-01,14839,14
2015-11-01,16318,18
2015-11-01,13229,22
2015-11-01,2128,26
2015-11-01,15678,30
2015-11-01,9336,34
2015-11-01,8816,38
2015-11-01,4588,42
2015-11-01,4287,46
2015-11-01,14513,50
2015-11-01,30706,54
2015-11-01,4065,58
2015-11-01,11941,62
2015-11-01,10291,66
2015-11-01,6050,70
2015-11-01,3026,74
2015-11-01,551,78
2015-11-01,21450,82
2015-11-01,6547,86
2015-11-01,30839,90
2015-11-01,323,94
2015-12-01,9389,02
2015-12-01,228356,06
2015-12-01,5861,10
2015-12-01,15132,14
2015-12-01,16640,18
2015-12-01,13490,22
2015-12-01,2170,26
2015-12-01,15988,30
2015-12-01,9520,34
2015-12-01,8990,38
2015-12-01,4678,42
2015-12-01,4371,46
2015-12-01,14800,50
2015-12-01,31313,54
2015-12-01,4145,58
2015-12-01,12177,62
2015-12-01,10494,66
2015-12-01,6169,70
2015-12-01,3085,74
2015-12-01,561,78
2015-12-01,21874,82
2015-12-01,6676,86
2015-12-01,31449,90
2015-12-01,329,94
2016-01-01,9389,02
2016-01-01,228356,06
2016-01-01,5861,10
2016-01-01,15132,14
2016-01-01,16640,18
2016-01-01,13490,22
2016-01-01,2170,26
2016-01-01,15988,30
2016-01-01,9520,34
2016-01-01,8990,38
2016-01-01,4678,42
2016-01-01,4371,46
2016-01-01,14800,50
2016-01-01,31313,54
2016-01-01,4145,58
2016-01-01,12177,62
2016-01-01,10494,66
2016-01-01,6169,70
2016-01-01,3085,74
2016-01-01,561,78
2016-01-01,21874,82
2016-01-01,6676,86
2016-01-01,31449,90
2016-01-01,329,94
2016-02-01,9770,02
2016-02-01,223191,06
2016-02-01,5667,10
2016-02-01,15383,14
2016-02-01,15892,18
2016-02-01,12434,22
2016-02-01,2294,26
2016-02-01,15449,30
2016-02-01,9302,34
2016-02-01,8672,38
2016-02-01,4684,42
2016-02-01,4234,46
2016-02-01,14577,50
2016-02-01,30718,54
2016-02-01,4139,58
2016-02-01,12134,62
2016-02-01,10278,66
2016-02-01,5940,70
2016-02-01,2914,74
2016-02-01,575,78
2016-02-01,22340,82
2016-02-01,6221,86
2016-02-01,29134,90
2016-02-01,297,94
2016-03-01,9899,02
2016-03-01,224684,06
2016-03-01,5788,10
2016-03-01,15694,14
2016-03-01,15986,18
2016-03-01,12498,22
2016-03-01,2357,26
2016-03-01,15706,30
2016-03-01,9503,34
2016-03-01,8709,38
2016-03-01,4808,42
2016-03-01,4275,46
2016-03-01,14950,50
2016-03-01,31217,54
2016-03-01,4263,58
2016-03-01,12348,62
2016-03-01,10339,66
2016-03-01,5994,70
2016-03-01,2979,74
2016-03-01,571,78
2016-03-01,22991,82
2016-03-01,6259,86
2016-03-01,29225,90
2016-03-01,292,94
2016-04-01,10025,02
2016-04-01,227238,06
2016-04-01,5908,10
2016-04-01,16010,14
2016-04-01,16221,18
2016-04-01,12805,22
2016-04-01,2385,26
2016-04-01,16080,30
2016-04-01,9762,34
2016-04-01,8772,38
2016-04-01,4933,42
2016-04-01,4386,46
2016-04-01,15140,50
2016-04-01,31448,54
2016-04-01,4300,58
2016-04-01,12534,62
2016-04-01,10532,66
2016-04-01,6129,70
2016-04-01,3047,74
2016-04-01,571,78
2016-04-01,23378,82
2016-04-01,6482,86
2016-04-01,30027,90
2016-04-01,293,94
2016-05-01,10417,02
2016-05-01,228452,06
2016-05-01,5942,10
2016-05-01,16350,14
2016-05-01,16271,18
2016-05-01,12839,22
2016-05-01,2397,26
2016-05-01,16136,30
2016-05-01,9821,34
2016-05-01,8766,38
2016-05-01,5008,42
2016-05-01,4437,46
2016-05-01,15295,50
2016-05-01,31582,54
2016-05-01,4362,58
2016-05-01,12677,62
2016-05-01,10591,66
2016-05-01,6156,70
2016-05-01,3042,74
2016-05-01,568,78
2016-05-01,23613,82
2016-05-01,6497,86
2016-05-01,30140,90
2016-05-01,302,94
2016-06-01,9851,02
2016-06-01,214415,06
2016-06-01,5730,10
2016-06-01,15192,14
2016-06-01,15483,18
2016-06-01,12324,22
2016-06-01,2232,26
2016-06-01,15157,30
2016-06-01,9442,34
2016-06-01,8230,38
2016-06-01,4677,42
2016-06-01,4254,46
2016-06-01,14282,50
2016-06-01,30078,54
2016-06-01,3976,58
2016-06-01,11739,62
2016-06-01,10152,66
2016-06-01,5846,70
2016-06-01,2848,74
2016-06-01,519,78
2016-06-01,22300,82
2016-06-01,6295,86
2016-06-01,29197,90
2016-06-01,279,94
2016-07-01,10059,02
2016-07-01,216892,06
2016-07-01,5768,10
2016-07-01,15582,14
2016-07-01,15541,18
2016-07-01,12456,22
2016-07-01,2262,26
2016-07-01,15286,30
2016-07-01,9621,34
2016-07-01,8244,38
2016-07-01,4773,42
2016-07-01,4259,46
2016-07-01,14435,50
2016-07-01,30388,54
2016-07-01,4032,58
2016-07-01,11916,62
2016-07-01,10223,66
2016-07-01,5903,70
2016-07-01,2815,74
2016-07-01,529,78
2016-07-01,22805,82
2016-07-01,6319,86
2016-07-01,29304,90
2016-07-01,298,94
2016-08-01,10424,02
2016-08-01,221497,06
2016-08-01,5822,10
2016-08-01,16076,14
2016-08-01,15723,18
2016-08-01,12661,22
2016-08-01,2273,26
2016-08-01,15339,30
2016-08-01,9763,34
2016-08-01,8311,38
2016-08-01,4854,42
2016-08-01,4378,46
2016-08-01,14681,50
2016-08-01,30723,54
2016-08-01,4062,58
2016-08-01,12183,62
2016-08-01,10503,66
2016-08-01,5976,70
2016-08-01,2820,74
2016-08-01,567,78
2016-08-01,23358,82
2016-08-01,6485,86
2016-08-01,29773,90
2016-08-01,308,94
2016-09-01,10628,02
2016-09-01,225008,06
2016-09-01,5877,10
2016-09-01,16451,14
2016-09-01,16058,18
2016-09-01,12846,22
2016-09-01,2292,26
2016-09-01,15652,30
2016-09-01,9924,34
2016-09-01,8363,38
2016-09-01,4900,42
2016-09-01,4403,46
2016-09-01,14800,50
2016-09-01,31158,54
2016-09-01,4158,58
2016-09-01,12315,62
2016-09-01,10864,66
2016-09-01,5998,70
2016-09-01,2850,74
2016-09-01,583,78
2016-09-01,23930,82
2016-09-01,6501,86
2016-09-01,30037,90
2016-09-01,318,94
2016-10-01,11085,02
2016-10-01,232762,06
2016-10-01,6047,10
2016-10-01,17006,14
2016-10-01,16375,18
2016-10-01,13167,22
2016-10-01,2351,26
2016-10-01,15953,30
2016-10-01,10302,34
2016-10-01,8628,38
2016-10-01,5073,42
2016-10-01,4432,46
2016-10-01,15220,50
2016-10-01,32141,54
2016-10-01,4241,58
2016-10-01,12791,62
2016-10-01,11086,66
2016-10-01,6102,70
2016-10-01,2863,74
2016-10-01,612,78
2016-10-01,24987,82
2016-10-01,6584,86
2016-10-01,30394,90
2016-10-01,343,94
2016-11-01,11072,02
2016-11-01,233130,06
2016-11-01,6052,10
2016-11-01,17052,14
2016-11-01,16371,18
2016-11-01,13187,22
2016-11-01,2350,26
2016-11-01,15940,30
2016-11-01,10298,34
2016-11-01,8627,38
2016-11-01,5083,42
2016-11-01,4460,46
2016-11-01,15264,50
2016-11-01,32173,54
2016-11-01,4217,58
2016-11-01,12789,62
2016-11-01,11087,66
2016-11-01,6104,70
2016-11-01,2860,74
2016-11-01,612,78
2016-11-01,25062,82
2016-11-01,6579,86
2016-11-01,30401,90
2016-11-01,339,94
2016-12-01,11386,02
2016-12-01,240641,06
2016-12-01,6189,10
2016-12-01,17660,14
2016-12-01,16560,18
2016-12-01,13459,22
2016-12-01,2437,26
2016-12-01,16203,30
2016-12-01,10532,34
2016-12-01,8794,38
2016-12-01,5164,42
2016-12-01,4525,46
2016-12-01,15589,50
2016-12-01,32644,54
2016-12-01,4343,58
2016-12-01,13203,62
2016-12-01,11371,66
2016-12-01,6237,70
2016-12-01,2888,74
2016-12-01,630,78
2016-12-01,25838,82
2016-12-01,6572,86
2016-12-01,30896,90
2016-12-01,345,94
2017-01-01,12022,02
2017-01-01,247797,06
2017-01-01,6402,10
2017-01-01,18256,14
2017-01-01,16881,18
2017-01-01,13553,22
2017-01-01,2496,26
2017-01-01,16429,30
2017-01-01,10722,34
2017-01-01,8898,38
2017-01-01,5315,42
2017-01-01,4612,46
2017-01-01,16004,50
2017-01-01,33280,54
2017-01-01,4462,58
2017-01-01,13582,62
2017-01-01,11589,66
2017-01-01,6331,70
2017-01-01,2942,74
2017-01-01,646,78
2017-01-01,26522,82
2017-01-01,6689,86
2017-01-01,31028,90
2017-01-01,366,94
2017-02-01,12558,02
2017-02-01,251249,06
2017-02-01,6425,10
2017-02-01,18374,14
2017-02-01,16867,18
2017-02-01,13554,22
2017-02-01,2489,26
2017-02-01,16563,30
2017-02-01,10992,34
2017-02-01,8933,38
2017-02-01,5353,42
2017-02-01,4621,46
2017-02-01,16138,50
2017-02-01,33368,54
2017-02-01,4519,58
2017-02-01,13692,62
2017-02-01,11587,66
2017-02-01,6358,70
2017-02-01,2941,74
2017-02-01,667,78
2017-02-01,26882,82
2017-02-01,6709,86
2017-02-01,31095,90
2017-02-01,367,94
2017-03-01,12702,02
2017-03-01,253200,06
2017-03-01,6447,10
2017-03-01,18457,14
2017-03-01,16885,18
2017-03-01,13824,22
2017-03-01,2499,26
2017-03-01,16563,30
2017-03-01,11113,34
2017-03-01,8932,38
2017-03-01,5346,42
2017-03-01,4625,46
2017-03-01,16265,50
2017-03-01,33389,54
2017-03-01,4553,58
2017-03-01,13714,62
2017-03-01,11577,66
2017-03-01,6408,70
2017-03-01,2951,74
2017-03-01,678,78
2017-03-01,27217,82
2017-03-01,6698,86
2017-03-01,31068,90
2017-03-01,365,94
2017-04-01,12849,02
2017-04-01,255430,06
2017-04-01,6461,10
2017-04-01,18622,14
2017-04-01,16865,18
2017-04-01,13846,22
2017-04-01,2503,26
2017-04-01,16594,30
2017-04-01,11144,34
2017-04-01,8969,38
2017-04-01,5324,42
2017-04-01,4617,46
2017-04-01,16316,50
2017-04-01,33581,54
2017-04-01,4550,58
2017-04-01,13748,62
2017-04-01,11626,66
2017-04-01,6426,70
2017-04-01,2946,74
2017-04-01,678,78
2017-04-01,27382,82
2017-04-01,6706,86
2017-04-01,31059,90
2017-04-01,366,94
2017-05-01,13158,02
2017-05-01,259898,06
2017-05-01,6483,10
2017-05-01,18998,14
2017-05-01,16974,18
2017-05-01,13936,22
2017-05-01,2525,26
2017-05-01,16858,30
2017-05-01,11257,34
2017-05-01,8991,38
2017-05-01,5516,42
2017-05-01,4669,46
2017-05-01,16419,50
2017-05-01,33812,54
2017-05-01,4691,58
2017-05-01,14060,62
2017-05-01,11784,66
2017-05-01,6579,70
2017-05-01,2945,74
2017-05-01,701,78
2017-05-01,27906,82
2017-05-01,6705,86
2017-05-01,31077,90
2017-05-01,434,94
2017-06-01,13430,02
2017-06-01,268360,06
2017-06-01,6506,10
2017-06-01,19406,14
2017-06-01,17039,18
2017-06-01,13979,22
2017-06-01,2546,26
2017-06-01,16974,30
2017-06-01,11431,34
2017-06-01,9037,38
2017-06-01,5696,42
2017-06-01,4711,46
2017-06-01,16677,50
2017-06-01,33941,54
2017-06-01,4789,58
2017-06-01,14238,62
2017-06-01,11937,66
2017-06-01,6670,70
2017-06-01,2961,74
2017-06-01,699,78
2017-06-01,28427,82
2017-06-01,6709,86
2017-06-01,31163,90
2017-06-01,467,94
2017-07-01,13567,02
2017-07-01,275080,06
2017-07-01,6595,10
2017-07-01,19939,14
2017-07-01,17250,18
2017-07-01,14087,22
2017-07-01,2567,26
2017-07-01,17192,30
2017-07-01,11637,34
2017-07-01,9126,38
2017-07-01,5787,42
2017-07-01,4749,46
2017-07-01,16925,50
2017-07-01,34069,54
2017-07-01,4820,58
2017-07-01,14595,62
2017-07-01,12082,66
2017-07-01,6738,70
2017-07-01,2957,74
2017-07-01,715,78
2017-07-01,29369,82
2017-07-01,6706,86
2017-07-01,31203,90
2017-07-01,485,94
2017-08-01,13542,02
2017-08-01,276773,06
2017-08-01,6556,10
2017-08-01,19664,14
2017-08-01,16942,18
2017-08-01,13778,22
2017-08-01,2359,26
2017-08-01,16787,30
2017-08-01,11721,34
2017-08-01,8674,38
2017-08-01,5450,42
2017-08-01,4610,46
2017-08-01,16210,50
2017-08-01,33747,54
2017-08-01,4508,58
2017-08-01,13460,62
2017-08-01,12410,66
2017-08-01,6696,70
2017-08-01,2878,74
2017-08-01,672,78
2017-08-01,28790,82
2017-08-01,7049,86
2017-08-01,31592,90
2017-08-01,443,94
2017-09-01,14082,02
2017-09-01,282904,06
2017-09-01,6713,10
2017-09-01,20493,14
2017-09-01,17303,18
2017-09-01,14012,22
2017-09-01,2404,26
2017-09-01,17163,30
2017-09-01,11949,34
2017-09-01,8792,38
2017-09-01,5575,42
2017-09-01,4670,46
2017-09-01,16704,50
2017-09-01,34300,54
2017-09-01,4662,58
2017-09-01,13981,62
2017-09-01,12587,66
2017-09-01,6779,70
2017-09-01,2897,74
2017-09-01,692,78
2017-09-01,29704,82
2017-09-01,7069,86
2017-09-01,31705,90
2017-09-01,513,94
2017-10-01,14054,02
2017-10-01,283546,06
2017-10-01,6730,10
2017-10-01,20492,14
2017-10-01,17439,18
2017-10-01,13985,22
2017-10-01,2399,26
2017-10-01,17293,30
2017-10-01,11996,34
2017-10-01,8758,38
2017-10-01,5533,42
2017-10-01,4676,46
2017-10-01,16683,50
2017-10-01,34397,54
2017-10-01,4643,58
2017-10-01,13919,62
2017-10-01,12573,66
2017-10-01,6794,70
2017-10-01,2844,74
2017-10-01,688,78
2017-10-01,29587,82
2017-10-01,7062,86
2017-10-01,31664,90
2017-10-01,524,94
2017-11-01,13421,02
2017-11-01,273514,06
2017-11-01,6490,10
2017-11-01,19213,14
2017-11-01,16657,18
2017-11-01,13515,22
2017-11-01,2263,26
2017-11-01,16508,30
2017-11-01,11447,34
2017-11-01,8219,38
2017-11-01,5145,42
2017-11-01,4645,46
2017-11-01,15988,50
2017-11-01,32972,54
2017-11-01,4230,58
2017-11-01,13179,62
2017-11-01,12115,66
2017-11-01,6597,70
2017-11-01,2610,74
2017-11-01,707,78
2017-11-01,27948,82
2017-11-01,6915,86
2017-11-01,31138,90
2017-11-01,521,94
2017-12-01,13677,02
2017-12-01,279273,06
2017-12-01,6531,10
2017-12-01,19238,14
2017-12-01,16878,18
2017-12-01,13777,22
2017-12-01,2285,26
2017-12-01,16560,30
2017-12-01,11625,34
2017-12-01,8289,38
2017-12-01,5148,42
2017-12-01,4686,46
2017-12-01,16188,50
2017-12-01,33097,54
2017-12-01,4462,58
2017-12-01,13353,62
2017-12-01,12162,66
2017-12-01,6689,70
2017-12-01,2652,74
2017-12-01,719,78
2017-12-01,28397,82
2017-12-01,6925,86
2017-12-01,31120,90
2017-12-01,550,94
2018-01-01,11636,02
2018-01-01,263763,06
2018-01-01,6125,10
2018-01-01,15197,14
2018-01-01,15201,18
2018-01-01,12722,22
2018-01-01,1775,26
2018-01-01,14554,30
2018-01-01,10365,34
2018-01-01,6764,38
2018-01-01,4034,42
2018-01-01,4293,46
2018-01-01,13663,50
2018-01-01,29769,54
2018-01-01,3390,58
2018-01-01,11104,62
2018-01-01,11335,66
2018-01-01,6168,70
2018-01-01,2434,74
2018-01-01,513,78
2018-01-01,21670,82
2018-01-01,6849,86
2018-01-01,30560,90
2018-01-01,448,94
2018-02-01,11926,02
2018-02-01,264867,06
2018-02-01,6158,10
2018-02-01,15495,14
2018-02-01,15212,18
2018-02-01,12767,22
2018-02-01,1785,26
2018-02-01,14584,30
2018-02-01,10394,34
2018-02-01,6730,38
2018-02-01,4061,42
2018-02-01,4288,46
2018-02-01,13742,50
2018-02-01,30119,54
2018-02-01,3392,58
2018-02-01,11283,62
2018-02-01,11403,66
2018-02-01,6224,70
2018-02-01,2432,74
2018-02-01,520,78
2018-02-01,21894,82
2018-02-01,6874,86
2018-02-01,30556,90
2018-02-01,446,94
2018-03-01,12151,02
2018-03-01,267240,06
2018-03-01,6145,10
2018-03-01,16025,14
2018-03-01,15257,18
2018-03-01,12784,22
2018-03-01,1804,26
2018-03-01,14578,30
2018-03-01,10392,34
2018-03-01,6742,38
2018-03-01,4084,42
2018-03-01,4290,46
2018-03-01,13805,50
2018-03-01,30091,54
2018-03-01,3614,58
2018-03-01,11366,62
2018-03-01,11434,66
2018-03-01,6249,70
2018-03-01,2398,74
2018-03-01,519,78
2018-03-01,22332,82
2018-03-01,6866,86
2018-03-01,30740,90
2018-03-01,474,94
2018-04-01,12391,02
2018-04-01,268830,06
2018-04-01,6181,10
2018-04-01,16109,14
2018-04-01,15288,18
2018-04-01,12851,22
2018-04-01,1806,26
2018-04-01,14673,30
2018-04-01,10384,34
2018-04-01,6764,38
2018-04-01,4095,42
2018-04-01,4306,46
2018-04-01,13845,50
2018-04-01,30154,54
2018-04-01,3663,58
2018-04-01,11436,62
2018-04-01,11519,66
2018-04-01,6267,70
2018-04-01,2421,74
2018-04-01,525,78
2018-04-01,22623,82
2018-04-01,6877,86
2018-04-01,30953,90
2018-04-01,491,94
2018-05-01,12119,02
2018-05-01,264544,06
2018-05-01,6108,10
2018-05-01,15856,14
2018-05-01,15103,18
2018-05-01,12812,22
2018-05-01,1772,26
2018-05-01,14414,30
2018-05-01,10211,34
2018-05-01,6655,38
2018-05-01,4053,42
2018-05-01,4332,46
2018-05-01,13602,50
2018-05-01,29771,54
2018-05-01,3623,58
2018-05-01,11246,62
2018-05-01,11524,66
2018-05-01,6173,70
2018-05-01,2370,74
2018-05-01,518,78
2018-05-01,22380,82
2018-05-01,6834,86
2018-05-01,30839,90
2018-05-01,488,94
2018-06-01,12004,02
2018-06-01,254807,06
2018-06-01,5764,10
2018-06-01,15255,14
2018-06-01,14222,18
2018-06-01,12252,22
2018-06-01,1730,26
2018-06-01,13380,30
2018-06-01,9540,34
2018-06-01,6314,38
2018-06-01,3718,42
2018-06-01,4145,46
2018-06-01,12835,50
2018-06-01,28386,54
2018-06-01,3522,58
2018-06-01,10605,62
2018-06-01,11036,66
2018-06-01,5945,70
2018-06-01,2267,74
2018-06-01,516,78
2018-06-01,21329,82
2018-06-01,6433,86
2018-06-01,29434,90
2018-06-01,469,94
2018-07-01,11967,02
2018-07-01,254320,06
2018-07-01,5751,10
2018-07-01,15186,14
2018-07-01,14214,18
2018-07-01,12241,22
2018-07-01,1722,26
2018-07-01,13346,30
2018-07-01,9528,34
2018-07-01,6301,38
2018-07-01,3685,42
2018-07-01,4143,46
2018-07-01,12813,50
2018-07-01,28319,54
2018-07-01,3491,58
2018-07-01,10549,62
2018-07-01,11027,66
2018-07-01,5933,70
2018-07-01,2256,74
2018-07-01,513,78
2018-07-01,21270,82
2018-07-01,6431,86
2018-07-01,29418,90
2018-07-01,468,94
2018-08-01,12155,02
2018-08-01,252460,06
2018-08-01,5033,10
2018-08-01,14918,14
2018-08-01,13212,18
2018-08-01,12061,22
2018-08-01,1478,26
2018-08-01,13029,30
2018-08-01,8530,34
2018-08-01,5563,38
2018-08-01,3615,42
2018-08-01,3853,46
2018-08-01,12486,50
2018-08-01,26487,54
2018-08-01,3249,58
2018-08-01,9992,62
2018-08-01,10214,66
2018-08-01,5523,70
2018-08-01,2219,74
2018-08-01,474,78
2018-08-01,20372,82
2018-08-01,5869,86
2018-08-01,29189,90
2018-08-01,479,94
2018-09-01,12487,02
2018-09-01,254764,06
2018-09-01,5020,10
2018-09-01,15255,14
2018-09-01,13316,18
2018-09-01,12126,22
2018-09-01,1501,26
2018-09-01,13143,30
2018-09-01,8544,34
2018-09-01,5572,38
2018-09-01,3692,42
2018-09-01,3869,46
2018-09-01,12736,50
2018-09-01,26512,54
2018-09-01,3274,58
2018-09-01,10132,62
2018-09-01,10289,66
2018-09-01,5574,70
2018-09-01,2255,74
2018-09-01,485,78
2018-09-01,20699,82
2018-09-01,5863,86
2018-09-01,29192,90
2018-09-01,485,94
2018-10-01,13057,02
2018-10-01,259757,06
2018-10-01,5179,10
2018-10-01,15758,14
2018-10-01,13690,18
2018-10-01,12630,22
2018-10-01,1557,26
2018-10-01,13547,30
2018-10-01,8760,34
2018-10-01,5628,38
2018-10-01,3837,42
2018-10-01,4041,46
2018-10-01,13211,50
2018-10-01,26640,54
2018-10-01,3387,58
2018-10-01,10375,62
2018-10-01,10457,66
2018-10-01,5733,70
2018-10-01,2322,74
2018-10-01,505,78
2018-10-01,21260,82
2018-10-01,6092,86
2018-10-01,30056,90
2018-10-01,496,94
2018-11-01,13722,02
2018-11-01,264482,06
2018-11-01,5218,10
2018-11-01,16072,14
2018-11-01,13785,18
2018-11-01,12721,22
2018-11-01,1570,26
2018-11-01,13687,30
2018-11-01,8830,34
2018-11-01,5663,38
2018-11-01,3911,42
2018-11-01,4084,46
2018-11-01,13482,50
2018-11-01,26676,54
2018-11-01,3464,58
2018-11-01,10519,62
2018-11-01,10517,66
2018-11-01,5787,70
2018-11-01,2340,74
2018-11-01,513,78
2018-11-01,21722,82
2018-11-01,6096,86
2018-11-01,30072,90
2018-11-01,504,94
2018-12-01,14278,02
2018-12-01,268934,06
2018-12-01,5305,10
2018-12-01,16533,14
2018-12-01,14000,18
2018-12-01,12838,22
2018-12-01,1651,26
2018-12-01,13808,30
2018-12-01,8965,34
2018-12-01,5714,38
2018-12-01,4010,42
2018-12-01,4199,46
2018-12-01,13803,50
2018-12-01,26857,54
2018-12-01,3663,58
2018-12-01,10703,62
2018-12-01,10698,66
2018-12-01,5869,70
2018-12-01,2350,74
2018-12-01,519,78
2018-12-01,22119,82
2018-12-01,6156,86
2018-12-01,30196,90
2018-12-01,523,94
2019-01-01,8087,02
2019-01-01,194765,06
2019-01-01,2904,10
2019-01-01,7339,14
2019-01-01,7590,18
2019-01-01,8819,22
2019-01-01,462,26
2019-01-01,8483,30
2019-01-01,4091,34
2019-01-01,2672,38
2019-01-01,1579,42
2019-01-01,2735,46
2019-01-01,6467,50
2019-01-01,14844,54
2019-01-01,1285,58
2019-01-01,4543,62
2019-01-01,7156,66
2019-01-01,4089,70
2019-01-01,1520,74
2019-01-01,156,78
2019-01-01,8346,82
2019-01-01,4731,86
2019-01-01,25366,90
2019-01-01,193,94
2019-02-01,8334,02
2019-02-01,194832,06
2019-02-01,3000,10
2019-02-01,7519,14
2019-02-01,7808,18
2019-02-01,8919,22
2019-02-01,530,26
2019-02-01,8492,30
2019-02-01,4180,34
2019-02-01,2695,38
2019-02-01,1627,42
2019-02-01,2781,46
2019-02-01,6580,50
2019-02-01,15814,54
2019-02-01,1395,58
2019-02-01,4558,62
2019-02-01,7281,66
2019-02-01,4097,70
2019-02-01,1532,74
2019-02-01,144,78
2019-02-01,8390,82
2019-02-01,4781,86
2019-02-01,25352,90
2019-02-01,214,94
2019-03-01,8419,02
2019-03-01,190175,06
2019-03-01,2982,10
2019-03-01,7457,14
2019-03-01,7686,18
2019-03-01,8771,22
2019-03-01,524,26
2019-03-01,8373,30
2019-03-01,4179,34
2019-03-01,2692,38
2019-03-01,1620,42
2019-03-01,2740,46
2019-03-01,6494,50
2019-03-01,16327,54
2019-03-01,1376,58
2019-03-01,4546,62
2019-03-01,7252,66
2019-03-01,4019,70
2019-03-01,1524,74
2019-03-01,140,78
2019-03-01,8321,82
2019-03-01,4729,86
2019-03-01,25092,90
2019-03-01,217,94
2019-04-01,8346,02
2019-04-01,195043,06
2019-04-01,2915,10
2019-04-01,7328,14
2019-04-01,7598,18
2019-04-01,8681,22
2019-04-01,497,26
2019-04-01,8325,30
2019-04-01,4015,34
2019-04-01,2622,38
2019-04-01,1610,42
2019-04-01,2751,46
2019-04-01,6437,50
2019-04-01,15948,54
2019-04-01,1427,58
2019-04-01,4464,62
2019-04-01,7078,66
2019-04-01,3978,70
2019-04-01,1504,74
2019-04-01,137,78
2019-04-01,8258,82
2019-04-01,4768,86
2019-04-01,25365,90
2019-04-01,201,94
2019-05-01,8012,02
2019-05-01,193642,06
2019-05-01,2857,10
2019-05-01,6981,14
2019-05-01,7493,18
2019-05-01,8587,22
2019-05-01,480,26
2019-05-01,8167,30
2019-05-01,3918,34
2019-05-01,2539,38
2019-05-01,1560,42
2019-05-01,2710,46
2019-05-01,6157,50
2019-05-01,15167,54
2019-05-01,1312,58
2019-05-01,4250,62
2019-05-01,6931,66
2019-05-01,3827,70
2019-05-01,1439,74
2019-05-01,130,78
2019-05-01,7958,82
2019-05-01,4707,86
2019-05-01,24960,90
2019-05-01,197,94
2019-06-01,8015,02
2019-06-01,195415,06
2019-06-01,2861,10
2019-06-01,6932,14
2019-06-01,7513,18
2019-06-01,8608,22
2019-06-01,474,26
2019-06-01,8121,30
2019-06-01,3960,34
2019-06-01,2545,38
2019-06-01,1542,42
2019-06-01,2671,46
2019-06-01,6160,50
2019-06-01,14884,54
2019-06-01,1288,58
2019-06-01,4307,62
2019-06-01,6967,66
2019-06-01,3829,70
2019-06-01,1419,74
2019-06-01,126,78
2019-06-01,7946,82
2019-06-01,4715,86
2019-06-01,25048,90
2019-06-01,193,94
2019-07-01,7917,02
2019-07-01,195519,06
2019-07-01,2838,10
2019-07-01,6961,14
2019-07-01,7355,18
2019-07-01,8446,22
2019-07-01,466,26
2019-07-01,7971,30
2019-07-01,3911,34
2019-07-01,2545,38
2019-07-01,1528,42
2019-07-01,2666,46
2019-07-01,6100,50
2019-07-01,14894,54
2019-07-01,1331,58
2019-07-01,4253,62
2019-07-01,6883,66
2019-07-01,3838,70
2019-07-01,1410,74
2019-07-01,129,78
2019-07-01,7970,82
2019-07-01,4664,86
2019-07-01,24958,90
2019-07-01,195,94
2019-08-01,15654,02
2019-08-01,269963,06
2019-08-01,4443,10
2019-08-01,16799,14
2019-08-01,11858,18
2019-08-01,12366,22
2019-08-01,1354,26
2019-08-01,13016,30
2019-08-01,7447,34
2019-08-01,4948,38
2019-08-01,4192,42
2019-08-01,4047,46
2019-08-01,12655,50
2019-08-01,23579,54
2019-08-01,3594,58
2019-08-01,10263,62
2019-08-01,9542,66
2019-08-01,5777,70
2019-08-01,2199,74
2019-08-01,544,78
2019-08-01,21834,82
2019-08-01,5394,86
2019-08-01,29003,90
2019-08-01,581,94
2019-09-01,17717,02
2019-09-01,287135,06
2019-09-01,4492,10
2019-09-01,19090,14
2019-09-01,12523,18
2019-09-01,13205,22
2019-09-01,1505,26
2019-09-01,13774,30
2019-09-01,8127,34
2019-09-01,5160,38
2019-09-01,4666,42
2019-09-01,4224,46
2019-09-01,14128,50
2019-09-01,23888,54
2019-09-01,3937,58
2019-09-01,11196,62
2019-09-01,10099,66
2019-09-01,6247,70
2019-09-01,2362,74
2019-09-01,582,78
2019-09-01,24447,82
2019-09-01,5587,86
2019-09-01,29857,90
2019-09-01,685,94
2019-10-01,18369,02
2019-10-01,290670,06
2019-10-01,4530,10
2019-10-01,19719,14
2019-10-01,12727,18
2019-10-01,13400,22
2019-10-01,1558,26
2019-10-01,14095,30
2019-10-01,8297,34
2019-10-01,5232,38
2019-10-01,4805,42
2019-10-01,4275,46
2019-10-01,14554,50
2019-10-01,23968,54
2019-10-01,4028,58
2019-10-01,11391,62
2019-10-01,10209,66
2019-10-01,6496,70
2019-10-01,2411,74
2019-10-01,598,78
2019-10-01,25166,82
2019-10-01,5617,86
2019-10-01,30005,90
2019-10-01,699,94
2019-11-01,18369,02
2019-11-01,290670,06
2019-11-01,4530,10
2019-11-01,19719,14
2019-11-01,12727,18
2019-11-01,13400,22
2019-11-01,1558,26
2019-11-01,14095,30
2019-11-01,8297,34
2019-11-01,5232,38
2019-11-01,4805,42
2019-11-01,4275,46
2019-11-01,14554,50
2019-11-01,23968,54
2019-11-01,4028,58
2019-11-01,11391,62
2019-11-01,10209,66
2019-11-01,6496,70
2019-11-01,2411,74
2019-11-01,598,78
2019-11-01,25166,82
2019-11-01,5617,86
2019-11-01,30005,90
2019-11-01,699,94
2019-12-01,18481,02
2019-12-01,292450,06
2019-12-01,4557,10
2019-12-01,19839,14
2019-12-01,12804,18
2019-12-01,13482,22
2019-12-01,1567,26
2019-12-01,14181,30
2019-12-01,8347,34
2019-12-01,5264,38
2019-12-01,4834,42
2019-12-01,4301,46
2019-12-01,14643,50
2019-12-01,24114,54
2019-12-01,4052,58
2019-12-01,11460,62
2019-12-01,10271,66
2019-12-01,6535,70
2019-12-01,2425,74
2019-12-01,601,78
2019-12-01,25320,82
2019-12-01,5651,86
2019-12-01,30188,90
2019-12-01,703,94
2020-01-01,19104,02
2020-01-01,294743,06
2020-01-01,4599,10
2020-01-01,20506,14
2020-01-01,12913,18
2020-01-01,13543,22
2020-01-01,1609,26
2020-01-01,14454,30
2020-01-01,8474,34
2020-01-01,5355,38
2020-01-01,4943,42
2020-01-01,4337,46
2020-01-01,15010,50
2020-01-01,24053,54
2020-01-01,4163,58
2020-01-01,11644,62
2020-01-01,10393,66
2020-01-01,6664,70
2020-01-01,2476,74
2020-01-01,582,78
2020-01-01,26049,82
2020-01-01,5681,86
2020-01-01,30180,90
2020-01-01,725,94
2020-02-01,19220,02
2020-02-01,296547,06
2020-02-01,4627,10
2020-02-01,20631,14
2020-02-01,12992,18
2020-02-01,13625,22
2020-02-01,1618,26
2020-02-01,14542,30
2020-02-01,8525,34
2020-02-01,5387,38
2020-02-01,4973,42
2020-02-01,4363,46
2020-02-01,15101,50
2020-02-01,24200,54
2020-02-01,4188,58
2020-02-01,11715,62
2020-02-01,10456,66
2020-02-01,6704,70
2020-02-01,2491,74
2020-02-01,585,78
2020-02-01,26208,82
2020-02-01,5715,86
2020-02-01,30364,90
2020-02-01,729,94
2020-03-01,19337,02
2020-03-01,298363,06
2020-03-01,4655,10
2020-03-01,20757,14
2020-03-01,13071,18
2020-03-01,13708,22
2020-03-01,1627,26
2020-03-01,14631,30
2020-03-01,8577,34
2020-03-01,5419,38
2020-03-01,5003,42
2020-03-01,4389,46
2020-03-01,15193,50
2020-03-01,24348,54
2020-03-01,4213,58
2020-03-01,11786,62
2020-03-01,10520,66
2020-03-01,6745,70
2020-03-01,2506,74
2020-03-01,588,78
2020-03-01,26368,82
2020-03-01,5749,86
2020-03-01,30549,90
2020-03-01,733,94
2020-04-01,19455,02
2020-04-01,300190,06
2020-04-01,4683,10
2020-04-01,20884,14
2020-04-01,13151,18
2020-04-01,13791,22
2020-04-01,1636,26
2020-04-01,14720,30
2020-04-01,8629,34
2020-04-01,5452,38
2020-04-01,5033,42
2020-04-01,4415,46
2020-04-01,15286,50
2020-04-01,24497,54
2020-04-01,4238,58
2020-04-01,11858,62
2020-04-01,10584,66
2020-04-01,6786,70
2020-04-01,2521,74
2020-04-01,591,78
2020-04-01,26529,82
2020-04-01,5784,86
2020-04-01,30736,90
2020-04-01,737,94
2020-05-01,19574,02
2020-05-01,302028,06
2020-05-01,4711,10
2020-05-01,21011,14
2020-05-01,13231,18
2020-05-01,13875,22
2020-05-01,1646,26
2020-05-01,14810,30
2020-05-01,8681,34
2020-05-01,5485,38
2020-05-01,5063,42
2020-05-01,4442,46
2020-05-01,15379,50
2020-05-01,24647,54
2020-05-01,4263,58
2020-05-01,11930,62
2020-05-01,10648,66
2020-05-01,6827,70
2020-05-01,2536,74
2020-05-01,594,78
2020-05-01,26691,82
2020-05-01,5819,86
2020-05-01,30924,90
2020-05-01,741,94
2020-06-01,19615,02
2020-06-01,298029,06
2020-06-01,4613,10
2020-06-01,21115,14
2020-06-01,13070,18
2020-06-01,13634,22
2020-06-01,1670,26
2020-06-01,14751,30
2020-06-01,8631,34
2020-06-01,5394,38
2020-06-01,5124,42
2020-06-01,4358,46
2020-06-01,15304,50
2020-06-01,23923,54
2020-06-01,4212,58
2020-06-01,11809,62
2020-06-01,10452,66
2020-06-01,6760,70
2020-06-01,2503,74
2020-06-01,591,78
2020-06-01,26632,82
2020-06-01,5693,86
2020-06-01,30297,90
2020-06-01,751,94
2020-07-01,19619,02
2020-07-01,298205,06
2020-07-01,4613,10
2020-07-01,21116,14
2020-07-01,13070,18
2020-07-01,13635,22
2020-07-01,1670,26
2020-07-01,14752,30
2020-07-01,8631,34
2020-07-01,5394,38
2020-07-01,5125,42
2020-07-01,4359,46
2020-07-01,15305,50
2020-07-01,23922,54
2020-07-01,4216,58
2020-07-01,11809,62
2020-07-01,10459,66
2020-07-01,6760,70
2020-07-01,2504,74
2020-07-01,591,78
2020-07-01,26632,82
2020-07-01,5694,86
2020-07-01,30299,90
2020-07-01,751,94
2020-08-01,19625,02
2020-08-01,298420,06
2020-08-01,4617,10
2020-08-01,21214,14
2020-08-01,13121,18
2020-08-01,13700,22
2020-08-01,1671,26
2020-08-01,14803,30
2020-08-01,8694,34
2020-08-01,5410,38
2020-08-01,5144,42
2020-08-01,4357,46
2020-08-01,15345,50
2020-08-01,23905,54
2020-08-01,4264,58
2020-08-01,11782,62
2020-08-01,10505,66
2020-08-01,6775,70
2020-08-01,2496,74
2020-08-01,604,78
2020-08-01,26739,82
2020-08-01,5742,86
2020-08-01,30300,90
2020-08-01,767,94
2020-09-01,19756,02
2020-09-01,300328,06
2020-09-01,4685,10
2020-09-01,21586,14
2020-09-01,13367,18
2020-09-01,13803,22
2020-09-01,1733,26
2020-09-01,15007,30
2020-09-01,8933,34
2020-09-01,5432,38
2020-09-01,5307,42
2020-09-01,4402,46
2020-09-01,15557,50
2020-09-01,24112,54
2020-09-01,4357,58
2020-09-01,11875,62
2020-09-01,10561,66
2020-09-01,6906,70
2020-09-01,2525,74
2020-09-01,670,78
2020-09-01,27462,82
2020-09-01,5839,86
2020-09-01,30339,90
2020-09-01,787,94
2020-10-01,19916,02
2020-10-01,302482,06
2020-10-01,4717,10
2020-10-01,21873,14
2020-10-01,13511,18
2020-10-01,13925,22
2020-10-01,1777,26
2020-10-01,15180,30
2020-10-01,9091,34
2020-10-01,5464,38
2020-10-01,5406,42
2020-10-01,4406,46
2020-10-01,15676,50
2020-10-01,24350,54
2020-10-01,4422,58
2020-10-01,11975,62
2020-10-01,10684,66
2020-10-01,7243,70
2020-10-01,2539,74
2020-10-01,705,78
2020-10-01,27895,82
2020-10-01,5962,86
2020-10-01,30348,90
2020-10-01,835,94
2020-11-01,19999,02
2020-11-01,303280,06
2020-11-01,4747,10
2020-11-01,22216,14
2020-11-01,13613,18
2020-11-01,14210,22
2020-11-01,1818,26
2020-11-01,15282,30
2020-11-01,9241,34
2020-11-01,5513,38
2020-11-01,5460,42
2020-11-01,4498,46
2020-11-01,15719,50
2020-11-01,24463,54
2020-11-01,4482,58
2020-11-01,12056,62
2020-11-01,10705,66
2020-11-01,7432,70
2020-11-01,2540,74
2020-11-01,770,78
2020-11-01,28306,82
2020-11-01,6139,86
2020-11-01,30367,90
2020-11-01,865,94
2020-12-01,20272,02
2020-12-01,306306,06
2020-12-01,4808,10
2020-12-01,22853,14
2020-12-01,13885,18
2020-12-01,14569,22
2020-12-01,1897,26
2020-12-01,15633,30
2020-12-01,9400,34
2020-12-01,5606,38
2020-12-01,5541,42
2020-12-01,4528,46
2020-12-01,15946,50
2020-12-01,24686,54
2020-12-01,4538,58
2020-12-01,12248,62
2020-12-01,10862,66
2020-12-01,7563,70
2020-12-01,2557,74
2020-12-01,797,78
2020-12-01,29042,82
2020-12-01,6216,86
2020-12-01,30467,90
2020-12-01,888,94
2021-01-01,20505,02
2021-01-01,308724,06
2021-01-01,4855,10
2021-01-01,23237,14
2021-01-01,14025,18
2021-01-01,14775,22
2021-01-01,1951,26
2021-01-01,15850,30
2021-01-01,9513,34
2021-01-01,5677,38
2021-01-01,5587,42
2021-01-01,4541,46
2021-01-01,16075,50
2021-01-01,24947,54
2021-01-01,4605,58
2021-01-01,12345,62
2021-01-01,10976,66
2021-01-01,7652,70
2021-01-01,2587,74
2021-01-01,819,78
2021-01-01,29474,82
2021-01-01,6279,86
2021-01-01,30617,90
2021-01-01,909,94
2021-02-01,20453,02
2021-02-01,308444,06
2021-02-01,4865,10
2021-02-01,23225,14
2021-02-01,14006,18
2021-02-01,14753,22
2021-02-01,1948,26
2021-02-01,15846,30
2021-02-01,9496,34
2021-02-01,5655,38
2021-02-01,5559,42
2021-02-01,4532,46
2021-02-01,16043,50
2021-02-01,24940,54
2021-02-01,4639,58
2021-02-01,12306,62
2021-02-01,10956,66
2021-02-01,7647,70
2021-02-01,2582,74
2021-02-01,814,78
2021-02-01,29395,82
2021-02-01,6295,86
2021-02-01,30622,90
2021-02-01,903,94
2021-03-01,20318,02
2021-03-01,309668,06
2021-03-01,4881,10
2021-03-01,23342,14
2021-03-01,14061,18
2021-03-01,14759,22
2021-03-01,1960,26
2021-03-01,15863,30
2021-03-01,9532,34
2021-03-01,5667,38
2021-03-01,5556,42
2021-03-01,4532,46
2021-03-01,16092,50
2021-03-01,25039,54
2021-03-01,4666,58
2021-03-01,12297,62
2021-03-01,10989,66
2021-03-01,7677,70
2021-03-01,2573,74
2021-03-01,850,78
2021-03-01,29510,82
2021-03-01,6378,86
2021-03-01,30688,90
2021-03-01,903,94
2021-04-01,18878,02
2021-04-01,306875,06
2021-04-01,4872,10
2021-04-01,23477,14
2021-04-01,14118,18
2021-04-01,14603,22
2021-04-01,2019,26
2021-04-01,15861,30
2021-04-01,9574,34
2021-04-01,5633,38
2021-04-01,5184,42
2021-04-01,4483,46
2021-04-01,16019,50
2021-04-01,25061,54
2021-04-01,4709,58
2021-04-01,11750,62
2021-04-01,10096,66
2021-04-01,7879,70
2021-04-01,2575,74
2021-04-01,964,78
2021-04-01,29705,82
2021-04-01,9156,86
2021-04-01,30839,90
2021-04-01,912,94
2021-05-01,18878,02
2021-05-01,306876,06
2021-05-01,4872,10
2021-05-01,23477,14
2021-05-01,14118,18
2021-05-01,14603,22
2021-05-01,2019,26
2021-05-01,15861,30
2021-05-01,9574,34
2021-05-01,5633,38
2021-05-01,5184,42
2021-05-01,4483,46
2021-05-01,16019,50
2021-05-01,25061,54
2021-05-01,4709,58
2021-05-01,11750,62
2021-05-01,10096,66
2021-05-01,7879,70
2021-05-01,2575,74
2021-05-01,964,78
2021-05-01,29705,82
2021-05-01,9156,86
2021-05-01,30839,90
2021-05-01,912,94
2021-06-01,21558,02
2021-06-01,321075,06
2021-06-01,5070,10
2021-06-01,25555,14
2021-06-01,14752,18
2021-06-01,15276,22
2021-06-01,2219,26
2021-06-01,16597,30
2021-06-01,9995,34
2021-06-01,5949,38
2021-06-01,5474,42
2021-06-01,4684,46
2021-06-01,16828,50
2021-06-01,25671,54
2021-06-01,5142,58
2021-06-01,12446,62
2021-06-01,10674,66
2021-06-01,8541,70
2021-06-01,2755,74
2021-06-01,1039,78
2021-06-01,31903,82
2021-06-01,10254,86
2021-06-01,31871,90
2021-06-01,1002,94
2021-07-01,21663,02
2021-07-01,322625,06
2021-07-01,5072,10
2021-07-01,25863,14
2021-07-01,14861,18
2021-07-01,15296,22
2021-07-01,2250,26
2021-07-01,16619,30
2021-07-01,10002,34
2021-07-01,5964,38
2021-07-01,5504,42
2021-07-01,4760,46
2021-07-01,16880,50
2021-07-01,25721,54
2021-07-01,5152,58
2021-07-01,12518,62
2021-07-01,10721,66
2021-07-01,8622,70
2021-07-01,2757,74
2021-07-01,1043,78
2021-07-01,32074,82
2021-07-01,10283,86
2021-07-01,31904,90
2021-07-01,1010,94
2021-08-01,22644,02
2021-08-01,331050,06
2021-08-01,5184,10
2021-08-01,27159,14
2021-08-01,15272,18
2021-08-01,15583,22
2021-08-01,2389,26
2021-08-01,17061,30
2021-08-01,10218,34
2021-08-01,6096,38
2021-08-01,5651,42
2021-08-01,4885,46
2021-08-01,17318,50
2021-08-01,26126,54
2021-08-01,5286,58
2021-08-01,12902,62
2021-08-01,11081,66
2021-08-01,8867,70
2021-08-01,2851,74
2021-08-01,1095,78
2021-08-01,33273,82
2021-08-01,10482,86
2021-08-01,32185,90
2021-08-01,1051,94
2021-09-01,23760,02
2021-09-01,344571,06
2021-09-01,5329,10
2021-09-01,28754,14
2021-09-01,15855,18
2021-09-01,16102,22
2021-09-01,2579,26
2021-09-01,17640,30
2021-09-01,10593,34
2021-09-01,6278,38
2021-09-01,5935,42
2021-09-01,4992,46
2021-09-01,18050,50
2021-09-01,26735,54
2021-09-01,5523,58
2021-09-01,13376,62
2021-09-01,11690,66
2021-09-01,9620,70
2021-09-01,2976,74
2021-09-01,1171,78
2021-09-01,34946,82
2021-09-01,11053,86
2021-09-01,32660,90
2021-09-01,1159,94
2021-10-10,25204,02
2021-10-10,364466,06
2021-10-10,6230,10
2021-10-10,31531,14
2021-10-10,16882,18
2021-10-10,17383,22
2021-10-10,3162,26
2021-10-10,18873,30
2021-10-10,11254,34
2021-10-10,6610,38
2021-10-10,6293,42
2021-10-10,5261,46
2021-10-10,19359,50
2021-10-10,27868,54
2021-10-10,5981,58
2021-10-10,14068,62
2021-10-10,12708,66
2021-10-10,10311,70
2021-10-10,3269,74
2021-10-10,1313,78
2021-10-10,37368,82
2021-10-10,11747,86
2021-10-10,34223,90
2021-10-10,1292,94
2021-11-01,28224,02
2021-11-01,400522,06
2021-11-01,7011,10
2021-11-01,35312,14
2021-11-01,17982,18
2021-11-01,18883,22
2021-11-01,3754,26
2021-11-01,20338,30
2021-11-01,12010,34
2021-11-01,14347,38
2021-11-01,6703,42
2021-11-01,5690,46
2021-11-01,20784,50
2021-11-01,29273,54
2021-11-01,6427,58
2021-11-01,15019,62
2021-11-01,14035,66
2021-11-01,10988,70
2021-11-01,3565,74
2021-11-01,1516,78
2021-11-01,40062,82
2021-11-01,14081,86
2021-11-01,36151,90
2021-11-01,1573,94
2021-12-12,28224,02
2021-12-12,400522,06
2021-12-12,7011,10
2021-12-12,35312,14
2021-12-12,17982,18
2021-12-12,18883,22
2021-12-12,3754,26
2021-12-12,20338,30
2021-12-12,12010,34
2021-12-12,14347,38
2021-12-12,6703,42
2021-12-12,5690,46
2021-12-12,20784,50
2021-12-12,29273,54
2021-12-12,6427,58
2021-12-12,15019,62
2021-12-12,14035,66
2021-12-12,10988,70
2021-12-12,3565,74
2021-12-12,1516,78
2021-12-12,40062,82
2021-12-12,14081,86
2021-12-12,36151,90
2021-12-12,1573,94
2022-01-01,25687,02
2022-01-01,374956,06
2022-01-01,6651,10
2022-01-01,31408,14
2022-01-01,17047,18
2022-01-01,17702,22
2022-01-01,3278,26
2022-01-01,18967,30
2022-01-01,11157,34
2022-01-01,12886,38
2022-01-01,6256,42
2022-01-01,5394,46
2022-01-01,19437,50
2022-01-01,27769,54
2022-01-01,5870,58
2022-01-01,14091,62
2022-01-01,12966,66
2022-01-01,10387,70
2022-01-01,3235,74
2022-01-01,1286,78
2022-01-01,37350,82
2022-01-01,12965,86
2022-01-01,34564,90
2022-01-01,1368,94
2022-02-01,27760,02
2022-02-01,395308,06
2022-02-01,6963,10
2022-02-01,34078,14
2022-02-01,17781,18
2022-02-01,18637,22
2022-02-01,3675,26
2022-02-01,20089,30
2022-02-01,11885,34
2022-02-01,13932,38
2022-02-01,6631,42
2022-02-01,5642,46
2022-02-01,20573,50
2022-02-01,29094,54
2022-02-01,6248,58
2022-02-01,14909,62
2022-02-01,13936,66
2022-02-01,10887,70
2022-02-01,3525,74
2022-02-01,1441,78
2022-02-01,39589,82
2022-02-01,13565,86
2022-02-01,35558,90
2022-02-01,1555,94
2022-03-01,28111,02
2022-03-01,401199,06
2022-03-01,7028,10
2022-03-01,35055,14
2022-03-01,18044,18
2022-03-01,18929,22
2022-03-01,3672,26
2022-03-01,20176,30
2022-03-01,12166,34
2022-03-01,14231,38
2022-03-01,6694,42
2022-03-01,5682,46
2022-03-01,20655,50
2022-03-01,29065,54
2022-03-01,6417,58
2022-03-01,14827,62
2022-03-01,13913,66
2022-03-01,10917,70
2022-03-01,3544,74
2022-03-01,1509,78
2022-03-01,39833,82
2022-03-01,14142,86
2022-03-01,36348,90
2022-03-01,1738,94
2022-04-01,29429,02
2022-04-01,416904,06
2022-04-01,7517,10
2022-04-01,37370,14
2022-04-01,18948,18
2022-04-01,19700,22
2022-04-01,3952,26
2022-04-01,20930,30
2022-04-01,13293,34
2022-04-01,14749,38
2022-04-01,6992,42
2022-04-01,5887,46
2022-04-01,21500,50
2022-04-01,29970,54
2022-04-01,6745,58
2022-04-01,15241,62
2022-04-01,14558,66
2022-04-01,11371,70
2022-04-01,3761,74
2022-04-01,1688,78
2022-04-01,41669,82
2022-04-01,14828,86
2022-04-01,37472,90
2022-04-01,1880,94
2022-05-01,30412,02
2022-05-01,427386,06
2022-05-01,7832,10
2022-05-01,38708,14
2022-05-01,19497,18
2022-05-01,20186,22
2022-05-01,4182,26
2022-05-01,21603,30
2022-05-01,13690,34
2022-05-01,14986,38
2022-05-01,7219,42
2022-05-01,6039,46
2022-05-01,22231,50
2022-05-01,31138,54
2022-05-01,6995,58
2022-05-01,15602,62
2022-05-01,15018,66
2022-05-01,11760,70
2022-05-01,3891,74
2022-05-01,1786,78
2022-05-01,42997,82
2022-05-01,15161,86
2022-05-01,38343,90
2022-05-01,1983,94
2022-06-01,30855,02
2022-06-01,433770,06
2022-06-01,7997,10
2022-06-01,39416,14
2022-06-01,19845,18
2022-06-01,20493,22
2022-06-01,4300,26
2022-06-01,22157,30
2022-06-01,13838,34
2022-06-01,15299,38
2022-06-01,7355,42
2022-06-01,6269,46
2022-06-01,22556,50
2022-06-01,31803,54
2022-06-01,7114,58
2022-06-01,15864,62
2022-06-01,15714,66
2022-06-01,11964,70
2022-06-01,4034,74
2022-06-01,1812,78
2022-06-01,43735,82
2022-06-01,15362,86
2022-06-01,38972,90
2022-06-01,2022,94
